username,followers,following,posts,bio_length,has_profile_pic,external_url,account_age_days,activity_score,label
user968,1696,1912,163,6,1,0,1094,24,0
user240,1923,565,96,192,1,0,973,17,0
user819,1195,205,179,35,1,0,2590,31,0
user692,3661,970,69,185,1,0,1170,87,0
user420,1620,55,18,0,1,1,1779,35,0
user1085,2136,1709,32,87,1,0,900,100,0
user1998,3813,1,221,15,1,0,1009,96,0
user365,442,676,24,161,1,0,1969,97,0
user1022,359,1090,254,23,1,0,2805,9,0
user1240,2774,861,220,37,1,0,477,28,0
user588,211,1559,134,73,1,0,2311,39,0
user736,2511,150,102,159,1,1,710,97,0
user1761,2546,1037,248,0,0,1,1462,91,0
user941,4256,401,299,162,1,1,354,19,0
user71,3183,1336,98,160,1,0,2084,37,0
user1407,3803,1661,94,61,1,0,460,60,0
user259,2045,1669,187,79,1,0,2959,83,0
user51,2885,276,156,141,0,1,2088,83,0
user198,3318,842,180,175,1,0,1183,50,0
user1788,2252,1143,194,128,1,0,805,22,0
user650,2517,1134,201,115,1,0,2698,5,0
user332,1668,264,47,6,1,0,558,70,0
user1359,4432,1899,286,117,1,1,1493,8,0
user593,4185,431,287,58,1,1,2989,73,0
user1391,976,1548,140,46,1,1,2165,96,0
user1800,216,1654,213,67,1,0,1036,62,0
user1314,418,1924,200,28,1,0,949,0,0
user1111,998,468,163,141,1,0,2896,69,0
user1006,1459,1587,248,46,1,0,1991,62,0
user1326,559,1075,69,38,1,1,2551,79,0
user426,3293,1348,117,102,1,0,210,18,0
user1558,1832,1451,37,9,1,0,2157,28,0
user1293,4211,959,2,105,0,0,1822,22,1
user590,1087,107,25,80,1,0,346,29,0
user1957,2367,988,253,143,1,0,274,66,0
user1976,3701,1191,246,44,1,1,1871,65,0
user1132,100,1708,65,75,1,1,1435,56,0
user985,946,632,112,150,1,1,1433,42,0
user398,3090,1211,258,93,1,0,233,50,0
user1511,4593,1109,103,115,1,0,1134,82,0
user436,3596,1427,103,179,1,0,464,22,0
user192,1648,1465,99,122,1,1,1497,68,0
user1435,4222,1488,126,188,1,0,653,1,0
user614,3117,607,297,43,1,0,1668,47,0
user1493,4923,1593,151,181,1,1,515,66,0
user576,3127,237,283,163,1,1,1861,85,0
user986,1729,1844,157,145,1,0,1477,76,0
user1432,1601,1623,166,31,1,0,2857,79,0
user706,787,1419,213,76,1,0,2702,39,0
user1258,1770,1207,293,71,1,0,1685,51,0
user141,388,1868,39,44,1,0,770,94,0
user1357,674,1774,30,11,1,0,2692,61,0
user2,4175,377,265,65,1,0,351,1,0
user1221,3202,1190,109,36,0,0,1113,84,0
user1869,1030,1538,66,46,1,0,1575,69,0
user1622,1094,604,197,160,1,1,1059,74,0
user339,3051,1814,235,166,1,0,1357,65,0
user1769,2804,1972,162,59,1,0,2470,53,0
user1536,4824,1307,148,186,1,0,433,70,0
user483,1706,689,184,27,1,0,33,40,0
user265,125,1582,26,42,1,0,1842,18,0
user376,4358,63,220,59,1,0,662,9,0
user741,3090,34,174,163,1,0,1511,21,0
user1013,2165,213,247,74,1,0,1290,42,0
user439,1860,1120,127,68,1,0,1414,10,0
user271,1993,972,114,58,1,0,699,62,0
user184,4457,1284,2,49,1,0,2253,4,1
user939,4944,1349,250,11,1,1,1344,3,0
user244,2021,710,8,17,1,0,638,48,0
user931,27,617,208,158,1,0,2124,75,0
user445,580,70,100,158,0,0,2652,31,0
user596,3005,1667,108,59,0,0,993,37,0
user817,2844,494,276,118,1,1,1984,47,0
user1272,14,1415,8,76,0,0,1810,49,1
user1676,3980,1079,169,130,1,1,1211,41,0
user486,476,1963,60,13,1,0,2093,60,0
user680,2098,1821,175,122,1,0,2370,14,0
user415,592,1636,191,44,1,0,1459,1,0
user273,4786,1398,240,38,1,0,2958,78,0
user1471,3309,1718,203,47,1,1,1817,5,0
user1829,3056,1602,299,164,1,1,1818,20,0
user1454,1167,1137,14,137,1,0,2992,98,0
user250,3363,1063,93,118,1,1,931,76,0
user413,4288,1287,161,164,0,1,2372,54,0
user1385,565,783,102,21,1,1,2963,43,0
user1307,1712,1842,71,106,1,0,1851,81,0
user715,1039,518,25,63,1,0,2321,70,0
user310,3886,1328,120,37,1,0,2519,98,0
user926,4431,216,159,188,1,0,2063,10,0
user381,1703,1011,13,122,1,0,1995,6,0
user1565,4976,348,277,18,1,0,1648,88,0
user425,3950,474,32,132,1,1,1121,22,0
user1874,4469,294,22,73,1,1,1255,39,0
user532,1604,1398,288,193,1,0,1243,28,0
user752,4134,1516,254,83,1,0,2571,92,0
user765,4882,577,183,126,1,1,702,100,0
user1356,3024,1864,263,63,1,0,1352,92,0
user408,3968,1151,8,97,1,0,1729,8,0
user1614,4176,1261,20,128,1,1,783,6,0
user694,408,1282,46,74,1,0,1532,10,0
user1738,1995,224,44,63,0,0,2198,24,0
user548,332,1268,253,139,1,0,2058,30,0
user936,120,1639,104,63,1,1,2971,81,0
user1389,543,472,130,167,1,1,1717,66,0
user1607,4601,1369,0,116,1,0,1465,44,0
user1939,2668,1951,237,195,0,0,1954,92,0
user1481,3072,1916,135,45,1,1,2259,45,0
user182,1555,200,103,189,1,1,986,83,0
user1940,1330,951,130,128,1,0,1025,56,0
user1160,1391,1541,93,165,1,1,735,2,0
user170,3006,1744,291,180,1,1,1188,75,0
user292,4282,235,102,76,1,0,2413,99,0
user561,3480,782,157,124,1,0,1194,61,0
user1456,4115,1479,147,84,1,1,77,79,0
user1876,2392,39,30,185,1,1,2685,93,0
user1651,4796,142,117,104,1,1,52,12,0
user849,3331,1727,171,52,1,0,713,4,0
user272,669,290,153,56,1,0,1462,74,0
user1549,1948,398,57,2,1,1,1321,84,0
user1034,1104,1228,277,134,1,1,1452,56,0
user1743,2598,1358,130,76,1,0,1845,80,0
user371,220,295,145,149,1,1,477,48,0
user1669,253,1014,34,157,0,1,1949,15,0
user721,327,1615,207,174,1,1,1330,26,0
user733,672,1086,251,199,1,0,1666,59,0
user777,4831,1428,80,147,1,1,2409,26,0
user518,722,1301,298,168,1,1,2773,22,0
user334,1316,199,217,198,1,1,2702,88,0
user845,4182,600,294,180,1,0,1772,12,0
user1251,822,456,257,138,1,0,1753,41,0
user1052,3559,838,228,142,1,0,1874,87,0
user1923,3282,1688,128,30,1,1,1181,48,0
user15,2882,271,202,157,1,1,2002,68,0
user707,2114,1451,176,19,1,1,272,27,0
user900,3822,1266,91,36,1,0,2219,27,0
user1979,1460,1653,206,66,1,1,389,25,0
user1572,4528,548,248,15,1,1,2209,96,0
user903,1924,823,43,156,1,0,1693,37,0
user465,629,186,158,104,1,1,1627,14,0
user1977,3422,1894,192,167,1,0,2260,62,0
user199,577,746,68,80,1,1,1903,5,0
user1206,1186,1547,19,181,1,0,720,13,0
user1055,4020,1160,197,48,1,0,1653,36,0
user1131,4563,1902,163,15,1,0,148,56,0
user1379,2721,9,298,29,1,0,2167,9,0
user998,1756,1891,282,76,1,0,2765,6,0
user727,1024,655,282,15,1,0,235,26,0
user1771,601,1591,143,67,1,0,47,7,0
user1909,3035,1829,121,160,0,1,201,23,0
user1821,597,394,148,73,0,0,1419,86,0
user567,1181,291,54,32,1,1,137,31,0
user43,1576,1350,47,61,1,0,221,64,0
user274,2667,1249,109,123,1,0,12,47,0
user1096,4871,1429,176,104,1,0,918,94,0
user101,3623,824,60,155,1,0,903,42,0
user1231,2431,1225,174,8,1,0,1025,67,0
user1721,3099,348,149,149,1,0,1722,86,0
user1832,1370,1990,250,105,1,1,91,77,0
user107,4922,1996,23,186,1,0,1850,19,0
user1617,1706,709,117,31,1,0,787,32,0
user497,452,1795,196,27,1,0,225,88,0
user1980,3631,1581,180,103,1,0,1555,89,0
user881,3049,239,239,82,1,1,1269,33,0
user756,1079,808,69,87,1,0,216,9,0
user619,3192,827,30,126,1,0,2617,67,0
user1106,890,85,259,184,1,1,210,85,0
user1935,4624,223,54,90,1,1,1903,69,0
user809,2533,1450,209,186,1,1,2376,28,0
user1037,930,1680,259,185,1,0,2654,83,0
user72,2295,1057,255,50,1,0,512,98,0
user1283,1481,1351,203,72,1,0,2945,0,0
user1271,4074,195,266,41,1,0,463,9,0
user1334,382,1286,112,195,1,0,45,4,0
user1458,3483,599,91,98,1,0,587,63,0
user481,3818,1283,277,180,0,0,1512,88,0
user1068,4432,1608,40,148,1,0,693,98,0
user506,1166,1321,49,84,1,0,1415,79,0
user1237,3868,1542,236,192,1,0,2416,77,0
user1861,2227,646,288,159,1,0,37,52,0
user1989,1168,192,121,100,0,0,1848,38,0
user1476,4452,512,63,133,1,0,1449,61,0
user1866,4406,103,193,34,1,0,485,37,0
user1455,872,1875,214,193,1,0,2864,87,0
user311,3222,677,39,80,1,1,1934,24,0
user962,3552,1461,167,44,1,0,1047,17,0
user405,4161,475,299,195,1,1,84,70,0
user1330,3133,1171,146,194,1,0,922,70,0
user1649,4969,1493,41,126,1,1,1317,35,0
user309,1976,606,1,152,1,0,1762,30,0
user226,1820,1142,66,85,1,1,2542,57,0
user1857,3249,174,245,10,1,0,315,11,0
user710,3631,1521,141,135,1,0,533,92,0
user1943,2739,1630,140,86,1,0,1096,57,0
user1383,2088,552,180,27,0,0,223,52,0
user1785,4859,1330,114,50,1,0,1769,38,0
user148,2322,1801,282,179,1,0,2856,14,0
user1554,2974,762,10,42,1,0,2793,56,0
user1956,2746,460,42,31,1,0,1114,29,0
user925,4690,1836,109,154,1,0,2863,100,0
user942,3577,1588,244,176,1,0,2452,95,0
user836,263,675,173,165,1,1,921,30,0
user575,2385,241,221,24,1,0,1504,35,0
user557,4242,1067,116,107,1,1,128,87,0
user1235,2231,723,119,55,1,0,1374,86,0
user1360,3024,404,279,167,0,0,2360,37,0
user1347,1631,1227,160,109,1,0,426,15,0
user1161,2438,703,166,130,1,0,2505,44,0
user1442,352,51,42,191,1,0,593,20,0
user286,4765,1863,85,187,1,1,200,64,0
user1604,3586,571,247,138,1,0,1152,90,0
user1057,2050,1774,166,196,0,1,527,95,0
user598,4215,523,33,26,0,0,2788,85,0
user932,3274,350,171,104,1,1,1826,100,0
user1461,2034,1100,102,123,1,1,2018,45,0
user1637,4091,1926,139,116,1,0,2097,75,0
user1587,2066,574,145,11,1,1,1631,2,0
user1040,687,1273,184,109,1,0,449,51,0
user1230,2400,437,273,145,1,0,298,100,0
user806,2415,7,230,17,1,0,1228,1,0
user904,475,1506,32,149,1,1,1095,20,0
user1679,2753,298,238,23,1,0,2816,58,0
user1204,577,1241,147,188,1,0,320,35,0
user767,1544,89,185,71,1,0,719,97,0
user609,2528,144,277,136,0,0,2052,39,0
user1992,2923,1837,241,11,1,1,2892,47,0
user1564,4063,755,167,104,1,0,1823,25,0
user1422,1874,1037,107,149,1,0,1661,7,0
user1010,2134,88,63,111,1,0,2830,68,0
user493,4554,491,206,41,1,0,498,69,0
user1320,181,295,126,38,1,0,1096,21,0
user277,3296,972,27,158,1,0,632,95,0
user1846,3727,1419,64,115,1,0,737,55,0
user358,4192,1791,158,172,1,0,2110,17,0
user1110,1587,553,66,16,1,0,2808,89,0
user236,4728,1366,197,54,1,1,155,51,0
user551,4509,154,209,55,1,0,628,87,0
user1867,1759,601,30,183,1,1,1218,58,0
user1812,4861,705,174,0,1,0,2286,0,1
user208,3063,403,237,138,1,0,1780,18,0
user1386,2339,925,282,67,1,0,1010,8,0
user1560,2978,551,290,172,1,0,2784,3,0
user58,2057,653,164,179,1,0,1597,70,0
user631,342,418,120,171,1,0,2945,61,0
user1961,4373,455,276,65,1,0,620,79,0
user1859,3967,979,168,21,1,0,838,97,0
user1816,3469,973,10,28,1,0,1148,57,0
user363,2212,1799,154,166,1,1,2566,95,0
user505,1037,1727,19,196,1,1,870,8,0
user1165,1169,636,41,109,1,0,214,52,0
user1121,2120,972,165,44,0,0,1744,49,0
user1629,4193,1675,227,65,1,0,2255,15,0
user1216,514,783,166,76,1,1,1491,62,0
user1151,4691,450,216,69,1,0,1089,25,0
user1124,4266,1918,274,53,1,0,693,88,0
user1594,320,1534,100,150,1,1,2736,61,0
user118,4390,1427,64,150,1,0,442,35,0
user1249,4657,603,200,197,0,1,1298,79,0
user1993,1935,1660,44,128,1,0,1557,21,0
user522,3530,1014,10,157,1,0,418,25,0
user513,2601,202,112,178,1,0,1572,40,0
user81,1806,695,248,110,1,0,500,33,0
user915,2061,1858,80,135,1,1,101,92,0
user1018,3242,134,272,166,1,0,2405,66,0
user380,3772,318,240,155,1,1,614,59,0
user1029,1832,320,197,24,1,0,2177,87,0
user1688,3554,992,295,7,0,0,367,4,1
user84,3828,1209,150,117,1,0,2583,18,0
user1677,3260,1705,157,138,1,0,353,83,0
user329,2687,77,202,176,0,0,2933,92,0
user6,2002,466,233,3,1,0,2032,77,0
user745,1442,1796,95,16,1,1,2474,91,0
user1553,230,1242,259,188,1,0,2593,49,0
user914,1795,1343,62,44,1,0,1298,59,0
user873,1863,625,79,162,0,0,689,78,0
user451,2871,175,22,197,1,0,935,53,0
user490,2603,694,102,85,1,0,653,20,0
user1480,2233,1186,99,8,1,0,2368,88,0
user287,2120,1020,273,93,0,1,580,21,0
user948,3357,1286,22,152,1,0,759,79,0
user1985,4000,1362,5,0,0,0,2040,79,1
user1368,2834,286,48,8,1,0,2923,60,0
user1146,2113,1194,56,21,1,0,1303,97,0
user705,2210,572,138,62,1,0,2797,45,0
user1726,3754,528,229,28,1,0,1983,2,0
user1701,4996,536,216,167,1,0,802,79,0
user1628,3269,1188,15,32,0,0,512,6,1
user1599,1256,622,95,109,1,0,8,5,1
user1538,1452,262,236,24,1,1,2312,87,0
user1405,1645,1767,191,14,0,0,1158,27,0
user1650,3536,342,179,21,1,0,1064,40,0
user327,2197,3,67,63,1,1,2937,97,0
user442,1300,428,173,159,1,0,1555,1,0
user774,2842,1248,179,161,1,0,629,21,0
user1087,2849,285,78,66,1,0,133,30,0
user1220,1431,1723,203,158,1,0,1062,13,0
user1635,672,285,118,19,1,0,2537,9,0
user177,2110,1533,115,49,1,1,1140,3,0
user1322,4010,307,57,10,1,0,1028,82,0
user704,1881,126,203,158,1,1,1573,87,0
user86,3847,345,283,102,1,0,2952,41,0
user1883,604,1214,24,45,1,1,1776,76,0
user1947,810,1266,237,128,0,0,1387,98,0
user457,922,1612,2,24,1,0,368,89,0
user1828,2312,1080,174,44,1,1,2975,3,0
user54,3901,189,113,96,1,0,1896,97,0
user1501,4898,1899,93,66,1,0,564,76,0
user643,323,54,97,114,1,0,216,22,0
user677,2390,1849,13,117,1,1,515,5,0
user221,3367,1718,228,103,1,0,225,69,0
user113,1938,1407,260,101,1,1,2802,25,0
user982,883,1767,50,80,1,0,1620,52,0
user1228,3533,1282,35,79,1,0,667,47,0
user999,1007,1903,16,3,1,0,1772,82,0
user174,4169,321,100,54,1,1,1749,84,0
user781,4362,1142,64,159,1,0,481,28,0
user589,3878,261,21,111,1,0,1848,22,0
user1559,266,1650,205,8,1,0,1256,18,1
user18,4411,1906,181,70,1,0,1141,97,0
user423,3822,95,156,167,1,1,2280,23,0
user1343,3006,1546,54,197,1,1,2014,9,0
user285,4706,1557,279,12,1,0,965,52,0
user1583,3903,676,164,178,1,0,1833,96,0
user428,2828,274,112,65,1,0,55,16,0
user1509,3960,47,24,11,1,0,1702,6,0
user1318,1264,1750,250,185,0,1,1719,59,0
user669,2716,762,249,78,1,1,2850,91,0
user31,3610,799,126,131,1,0,149,21,0
user940,1281,368,2,70,1,1,811,57,0
user722,1629,1453,258,21,1,0,2004,36,0
user994,449,325,250,64,1,1,1409,87,0
user214,2852,1026,257,87,1,1,1099,60,0
user813,2260,339,205,138,1,1,2924,12,0
user326,3374,1233,244,50,1,0,1592,89,0
user560,1576,1962,249,4,1,1,2043,51,0
user1112,2775,1958,250,179,0,0,2255,61,0
user700,4559,1605,244,156,1,0,1408,60,0
user1578,4195,570,271,128,1,0,1130,53,0
user1189,3681,1826,15,156,1,1,2760,28,0
user341,2561,372,212,84,1,0,2556,12,0
user629,1040,1453,287,197,1,1,910,86,0
user147,3635,747,175,195,1,0,565,8,0
user1309,2382,103,100,30,1,0,2624,15,0
user360,1633,1971,221,78,0,0,1986,50,0
user83,782,1920,181,175,1,1,2910,72,0
user48,14,1731,2,51,1,0,2940,72,1
user468,4051,20,185,0,1,1,867,56,0
user155,114,869,224,90,1,0,1980,43,0
user772,2289,1101,116,6,1,0,1213,75,0
user1239,1712,1294,139,121,1,1,1747,94,0
user1200,3352,1616,106,130,1,1,209,53,0
user1402,2767,160,292,105,1,0,2111,77,0
user1202,4561,1551,209,85,1,0,2254,54,0
user1630,2763,1466,263,57,1,0,1258,25,0
user500,3127,600,198,20,1,1,2695,97,0
user1764,1862,1855,215,172,1,0,1032,29,0
user179,1567,1147,69,170,1,0,1594,75,0
user1047,4500,496,166,140,1,0,315,87,0
user1755,4126,202,231,102,1,0,2244,14,0
user950,3354,291,73,141,1,0,1342,74,0
user1316,3110,1488,221,96,1,1,2137,19,0
user1619,4789,520,110,170,1,0,1296,90,0
user528,3457,1050,297,43,0,0,164,97,0
user346,1439,1996,266,71,0,0,695,81,0
user1387,321,1371,29,32,1,1,1528,81,0
user1960,3573,1736,46,102,1,1,1730,49,0
user1050,4016,1604,158,177,1,0,355,70,0
user1972,1513,1528,272,192,1,0,2615,32,0
user1441,4333,324,20,145,0,1,2608,6,0
user601,2858,1270,234,83,1,1,1838,2,0
user1281,2247,831,212,72,1,0,1791,94,0
user243,2875,241,100,190,1,1,908,27,0
user1336,3087,177,91,154,1,0,354,26,0
user1067,3098,62,50,89,1,1,1749,17,0
user1475,4200,584,205,54,1,1,496,75,0
user312,403,1679,2,183,1,0,155,57,0
user435,4082,1189,86,107,0,0,544,89,0
user1898,3907,1561,22,149,1,0,2124,74,0
user1328,1377,357,136,113,1,0,1684,39,0
user308,2927,1967,262,66,1,1,2621,12,0
user430,107,249,226,126,1,1,800,36,0
user660,4881,591,94,6,1,0,2866,17,1
user370,223,1612,26,161,1,0,1717,24,0
user566,1498,1614,245,62,1,0,1239,22,0
user979,2384,478,114,134,1,1,1201,86,0
user181,2866,422,296,103,1,1,2798,36,0
user1362,2169,1128,206,65,1,0,1482,7,0
user621,4341,1619,92,121,1,0,215,44,0
user818,2691,176,38,67,1,1,879,21,0
user1192,3108,1702,154,117,1,0,660,76,0
user952,3727,736,266,46,1,0,906,80,0
user1421,2945,1533,257,185,1,0,1785,71,0
user1840,1545,1551,99,60,0,0,2423,8,1
user922,2082,866,275,87,1,0,1096,29,0
user1073,2608,1426,39,175,1,0,1024,0,0
user296,4701,170,35,38,1,0,1914,76,0
user966,4027,1152,250,81,1,1,1871,33,0
user461,2276,428,290,79,1,0,1385,49,0
user1302,2234,245,272,125,1,0,1108,87,0
user1176,3444,729,103,140,1,1,1154,89,0
user377,4729,1046,213,151,1,0,264,96,0
user798,2518,1752,55,171,1,1,1389,31,0
user1102,1591,977,219,107,1,0,980,50,0
user105,3827,1699,291,124,1,1,996,2,0
user126,634,1408,227,157,1,0,2534,84,0
user1995,29,1111,52,162,1,0,2350,52,0
user838,4663,248,236,136,0,1,1333,42,0
user355,3445,1324,240,77,1,1,839,97,0
user1616,662,1313,109,32,1,0,2088,43,0
user682,126,1136,155,128,1,0,2168,95,0
user812,3364,822,85,3,1,0,1587,25,0
user1680,2116,1972,224,137,1,1,2577,4,0
user209,1045,382,75,113,1,0,2734,61,0
user1492,3674,1942,186,113,1,1,1861,77,0
user140,1742,593,277,131,1,0,1838,20,0
user1974,4492,1395,196,126,1,0,2357,25,0
user1339,2249,411,228,98,1,0,2390,45,0
user1797,3793,309,281,64,1,0,2497,42,0
user1574,3395,662,119,147,1,1,1113,53,0
user1181,2987,83,247,72,1,1,1350,23,0
user1393,2974,1157,136,74,1,1,1452,85,0
user1815,3266,308,170,184,1,0,174,40,0
user711,1088,937,217,151,1,1,1035,54,0
user1793,4355,1688,174,35,1,0,8,91,0
user892,1479,141,107,109,0,0,2923,59,0
user859,493,275,98,135,1,0,709,89,0
user10,2305,134,14,100,1,0,2391,27,0
user1694,3406,1777,34,171,1,1,515,12,0
user1427,2165,881,192,1,1,1,721,95,0
user282,2104,944,258,174,1,0,1661,64,0
user810,3904,985,46,188,1,0,816,99,0
user1341,4364,752,262,134,1,1,296,79,0
user291,82,941,69,195,1,1,473,93,0
user754,3283,1013,49,30,0,0,1955,70,0
user626,399,48,1,69,1,0,105,24,0
user943,352,832,1,101,0,0,2504,80,1
user861,3031,1309,204,5,1,0,1557,88,0
user129,2527,545,181,75,1,0,1023,73,0
user1175,188,891,15,183,1,0,1380,35,0
user323,3956,604,246,24,1,0,2938,45,0
user1090,80,760,200,118,1,0,2601,99,0
user843,2670,604,99,79,1,0,1033,0,0
user963,2293,1340,40,39,1,0,2475,8,0
user1864,3641,1075,282,74,1,0,2863,38,0
user865,2273,1288,293,20,1,0,1717,54,0
user921,4101,457,74,61,1,1,2793,66,0
user695,2534,1841,71,174,1,0,371,88,0
user215,2183,1609,122,132,0,0,426,98,0
user1780,112,457,4,131,1,0,2571,90,0
user1261,3232,1124,220,55,1,0,1058,72,0
user158,4676,451,24,60,1,0,1445,35,0
user1058,4004,471,81,41,0,0,2773,81,0
user988,2359,1444,140,52,1,0,2015,11,0
user841,3967,302,55,163,1,1,1654,49,0
user634,3008,149,207,115,1,0,1994,92,0
user516,1431,518,294,139,0,0,2989,2,1
user1428,1202,451,177,41,1,1,1146,28,0
user1747,2882,1358,122,112,1,0,1000,79,0
user597,2157,1698,178,8,1,0,2966,31,0
user195,758,705,181,13,1,1,2200,60,0
user1783,3055,672,243,54,1,0,212,83,0
user869,1009,1061,243,65,1,0,2931,16,0
user410,9,1056,72,161,0,0,1283,22,1
user96,2780,1879,82,130,0,1,2195,87,0
user1000,2717,100,236,10,1,1,2537,14,0
user1505,780,1751,243,102,1,0,1910,9,0
user156,642,886,126,163,1,0,133,79,0
user419,3844,1157,226,81,1,1,2133,39,0
user1802,681,1328,292,196,1,0,207,20,0
user477,4009,665,157,184,1,0,2612,92,0
user1855,4682,1559,181,27,1,0,1052,16,0
user668,349,60,173,155,1,0,2953,71,0
user1417,1784,1876,41,111,1,0,1079,9,0
user1871,1324,1095,191,179,1,1,392,29,0
user1299,1539,407,116,164,1,0,2313,54,0
user447,3762,1353,44,7,1,1,1660,11,0
user553,198,145,17,110,1,0,792,50,0
user178,3353,223,183,2,1,0,1690,35,0
user390,4147,1954,233,67,0,0,2852,78,0
user578,2211,265,61,89,1,1,566,24,0
user1477,2535,675,52,19,1,0,764,55,0
user1706,3866,1283,149,116,1,1,111,24,0
user1287,306,1636,81,164,1,1,2775,64,0
user1644,3813,120,231,12,1,0,2628,47,0
user1023,4545,1191,220,32,1,1,2310,63,0
user820,2077,1575,117,142,1,1,582,87,0
user1824,1031,669,21,48,1,0,1783,32,0
user984,2258,1022,211,135,1,1,1231,66,0
user1338,174,815,89,38,1,0,576,45,0
user664,3526,1915,64,172,1,0,2510,3,0
user142,3900,1709,4,150,1,0,187,93,0
user1516,3011,1360,278,51,1,1,1684,25,0
user1429,3719,1714,48,113,1,0,2730,78,0
user864,3700,509,299,119,1,0,2709,88,0
user421,3737,1663,152,176,1,1,619,56,0
user636,3441,1027,228,27,1,0,2698,73,0
user1406,169,1973,240,93,1,1,977,53,0
user799,687,559,131,142,1,0,1730,45,0
user1403,3637,635,200,53,1,0,584,72,0
user615,1832,1921,131,95,1,1,154,86,0
user294,2689,756,18,170,1,0,79,33,0
user923,1633,1614,60,61,1,0,2744,17,0
user1268,628,1095,120,138,1,0,2783,42,0
user1902,678,1142,24,136,1,0,1889,96,0
user88,4527,1655,168,154,1,0,2358,36,0
user41,4972,1759,280,134,1,0,1895,3,0
user1801,463,1822,115,121,1,0,2692,0,0
user1933,4639,40,201,10,1,0,2798,43,0
user131,335,208,151,146,1,0,204,2,0
user1001,1955,223,298,86,1,1,480,53,0
user1157,2174,410,87,4,1,0,1178,47,0
user1094,176,656,146,192,1,0,2737,18,0
user1854,3323,1000,246,167,1,1,823,6,0
user1344,3824,12,167,109,1,0,1374,65,0
user1498,578,1189,259,53,0,0,802,6,1
user164,4122,548,87,123,1,1,195,93,0
user724,4560,1139,103,129,1,1,1578,73,0
user290,2241,1794,243,63,1,1,2171,59,0
user1208,3458,285,63,60,1,0,600,90,0
user1588,2988,1909,85,90,0,0,1856,10,1
user1896,2918,1710,58,181,1,1,983,45,0
user1641,4328,691,183,19,1,0,1851,30,0
user1361,140,1471,275,0,1,0,2936,75,0
user778,4251,204,10,193,1,1,2403,10,0
user839,3556,758,283,18,0,0,474,72,0
user348,2719,1967,181,83,1,1,645,30,0
user1944,1337,428,45,165,1,0,811,11,0
user571,158,1175,27,188,1,1,1948,89,0
user917,657,1350,256,149,1,1,1058,62,0
user976,3914,1160,294,68,1,1,902,91,0
user1913,2560,1461,212,168,1,0,45,6,0
user1468,334,779,83,8,1,0,480,37,0
user1591,2284,1954,170,171,1,0,2214,10,0
user1317,2568,1177,34,70,1,0,1712,22,0
user1844,1622,813,54,180,1,1,612,42,0
user136,4743,1284,8,180,1,0,2708,59,0
user458,3275,510,17,44,1,0,815,71,0
user375,739,1587,194,48,1,0,2215,79,0
user1342,2647,1421,128,105,1,0,1849,88,0
user333,629,1288,110,73,1,1,1933,61,0
user1159,3512,957,70,166,1,0,1898,0,0
user1760,197,292,124,145,1,1,2101,2,0
user1457,466,1648,270,71,1,0,658,37,0
user816,4137,991,217,131,0,0,1417,80,0
user1114,3522,1892,103,166,1,1,498,94,0
user1005,2425,0,246,15,1,1,1737,92,0
user1856,1830,1042,157,198,1,1,2600,16,0
user1954,2322,1750,105,130,1,0,716,49,0
user1850,1923,1462,253,105,1,0,1990,97,0
user910,546,1189,298,122,1,0,1819,52,0
user1929,3008,1714,49,183,1,0,1060,70,0
user1125,2990,1788,26,92,1,0,2275,56,0
user328,4425,1466,272,83,0,0,901,59,0
user1247,3351,1913,170,129,1,1,2119,66,0
user318,105,187,134,105,0,0,6,81,0
user1689,1141,723,149,26,1,0,1570,41,0
user1358,3633,217,21,189,1,0,1804,8,0
user1732,1877,1056,133,134,0,0,698,51,0
user167,4311,752,287,55,1,0,2891,100,0
user12,2762,1279,121,156,1,0,1815,16,0
user1926,1844,1015,232,174,1,0,1901,56,0
user171,4913,586,242,102,1,0,908,66,0
user649,2075,69,217,20,1,1,215,16,0
user1061,3596,1780,6,67,1,0,61,81,0
user260,947,422,266,183,0,0,1865,72,0
user1366,969,756,155,194,1,0,2364,67,0
user1548,3851,222,98,110,1,0,2067,40,0
user901,1376,1747,20,156,1,0,1153,30,0
user672,2290,234,115,36,1,0,2883,9,0
user258,3925,999,299,170,0,1,1698,60,0
user844,4525,1436,196,81,0,1,2694,54,0
user867,3916,281,103,7,0,0,2907,76,0
user1799,2564,1151,0,22,1,0,790,30,0
user138,2583,128,223,101,1,0,2299,47,0
user893,2997,1738,246,142,1,0,440,85,0
user1837,2471,1184,121,192,1,0,592,44,0
user549,1376,1978,297,182,1,0,346,45,0
user319,562,1881,288,114,1,0,158,30,0
user1526,4547,1038,281,10,1,0,1892,38,0
user1805,1231,415,228,11,1,1,2040,70,0
user1177,3863,335,139,39,1,0,1028,52,0
user558,2841,1063,71,43,1,0,2527,50,0
user139,279,1365,216,198,1,1,1644,100,0
user1734,4950,1031,125,163,1,0,1180,28,0
user531,1257,1036,166,119,1,1,1731,45,0
user224,3699,992,204,11,1,0,1572,83,0
user723,4171,1498,101,11,1,0,2835,67,0
user786,4263,219,186,110,1,0,223,23,0
user1717,1018,628,67,149,1,0,1922,76,0
user1007,3268,982,182,148,1,0,1548,80,0
user409,1897,1427,135,108,1,1,2233,40,0
user325,3505,476,157,146,1,1,1437,21,0
user1765,633,529,121,52,1,1,2673,41,0
user299,1952,1046,83,71,1,0,2064,84,0
user1262,2527,1702,165,170,1,0,1370,67,0
user1945,2059,699,289,82,1,0,1058,61,0
user25,3659,401,290,65,1,0,2276,78,0
user1858,1750,261,206,97,1,1,1462,87,0
user714,3913,688,224,52,0,0,2764,52,0
user1009,3005,341,140,156,1,0,1141,30,0
user193,1847,1178,146,11,1,0,354,20,0
user440,4558,1720,220,199,1,1,1288,27,0
user573,2485,924,100,167,1,0,186,75,0
user946,948,1355,51,12,1,1,2257,35,0
user997,2795,1699,85,98,0,1,655,54,0
user503,3215,1990,74,10,1,0,832,6,0
user605,4906,1201,271,152,1,0,2569,69,0
user1716,795,1021,70,73,0,0,953,32,0
user1163,205,1297,94,131,0,0,1360,62,0
user1786,4250,694,173,93,1,0,728,100,0
user846,235,293,57,143,1,0,635,1,0
user3,1089,1746,168,90,1,1,2669,31,0
user1286,801,434,215,169,1,0,2858,46,0
user1222,4026,1224,259,114,1,0,881,20,0
user467,1449,988,55,55,1,1,219,30,0
user321,2338,1811,1,91,1,1,1042,82,0
user5,3064,402,155,143,1,0,488,59,0
user222,1053,388,277,13,1,1,2076,75,0
user1374,1800,1768,225,15,1,0,2470,16,0
user547,1464,1080,95,67,1,0,829,92,0
user228,2470,0,272,104,1,1,285,9,0
user39,1468,422,48,114,1,0,1831,0,0
user542,931,1830,73,6,1,1,1066,12,0
user242,2010,39,51,118,1,0,1344,23,0
user898,4030,99,137,9,1,0,463,58,0
user1133,3566,1445,244,55,1,0,1224,55,0
user1448,4385,1988,103,170,1,0,217,81,0
user1868,1569,1345,149,72,1,0,2035,7,0
user842,3219,189,213,198,1,0,1571,64,0
user1418,1081,1460,116,44,1,0,2023,17,0
user1653,4657,98,250,84,1,0,2951,100,0
user1969,2371,1472,256,137,0,0,91,1,1
user661,2422,1679,157,32,0,0,533,51,0
user1210,2470,1436,199,35,1,0,1648,29,0
user314,293,548,271,37,0,1,2858,49,0
user691,2222,834,183,157,1,0,1762,34,0
user1503,274,1993,61,19,1,1,2719,93,0
user424,1454,435,275,14,1,0,2038,73,0
user594,1143,960,283,81,1,1,2321,87,0
user1963,3829,530,299,171,1,0,732,74,0
user622,4971,545,252,20,0,1,1540,68,0
user1170,539,1711,76,55,1,0,254,73,0
user1043,4110,1310,290,90,0,0,2127,2,1
user227,3862,310,57,55,1,0,9,86,0
user1117,431,1788,278,140,1,0,83,99,0
user1331,3961,834,119,28,1,1,2957,55,0
user1315,1117,1606,293,83,0,0,2639,27,0
user66,700,773,14,171,1,0,78,36,0
user24,3845,391,252,67,1,1,1584,40,0
user144,2908,1722,204,170,1,0,2006,6,0
user536,3592,1813,144,74,1,1,604,84,0
user811,318,366,237,113,1,0,574,43,0
user1466,4379,1911,97,85,1,0,1504,23,0
user85,2461,1338,221,108,1,0,2349,24,0
user1660,2770,274,161,28,1,1,723,16,0
user1645,1545,608,165,141,1,0,705,85,0
user1804,2544,1258,256,190,1,0,2942,28,0
user1817,6,1911,240,78,1,0,2817,84,0
user1576,668,1946,206,183,1,1,659,25,0
user1144,1040,772,62,171,0,1,1046,98,0
user362,1164,1257,205,128,1,0,694,79,0
user1611,7,687,177,42,1,0,1034,50,0
user1865,2154,737,196,184,1,0,2449,51,0
user1026,1204,997,23,149,1,0,878,18,0
user1030,10,639,121,188,1,0,1849,71,0
user1303,4395,739,262,141,1,1,889,8,0
user1355,2056,1595,53,77,1,0,2078,78,0
user1730,821,1196,212,19,1,1,2494,64,0
user665,3906,1065,116,127,1,0,1330,98,0
user364,1484,1394,3,184,1,0,1764,97,0
user77,928,971,294,89,1,1,2168,12,0
user27,117,1835,140,126,1,0,1734,26,0
user1436,4059,1595,249,124,1,1,2268,87,0
user525,4824,1848,298,39,1,0,1287,78,0
user1834,4557,839,211,171,1,0,2086,4,0
user55,2809,678,232,6,1,0,1187,37,0
user638,3991,849,210,68,0,0,1510,7,1
user302,3071,34,87,121,1,0,338,26,0
user718,4776,692,267,118,1,0,1022,89,0
user624,1285,1422,226,11,1,0,211,63,0
user7,4557,806,235,119,1,0,1630,67,0
user803,3508,380,99,196,1,1,1109,54,0
user1049,1448,985,235,55,1,0,195,37,0
user336,338,318,253,66,1,0,2875,64,0
user47,1476,1138,153,0,1,1,2353,99,0
user1763,4337,1376,23,26,1,0,278,3,0
user106,2368,1659,233,38,1,0,1325,22,0
user349,3618,1557,196,3,1,0,345,10,1
user1079,2243,77,284,74,1,0,646,59,0
user238,2966,337,203,148,1,0,630,74,0
user213,3606,1541,296,18,1,1,2373,10,0
user1775,503,797,40,177,1,0,117,14,0
user1138,492,1714,44,178,0,0,2726,96,0
user793,1083,1703,51,80,1,0,499,29,0
user1586,1561,1233,227,12,1,0,1544,50,0
user1582,4692,1972,189,42,1,1,167,100,0
user1671,702,1319,44,186,1,1,1468,38,0
user523,1287,1642,43,187,1,0,2963,50,0
user232,3081,1772,15,126,1,1,92,18,0
user644,4207,1189,146,114,1,0,339,69,0
user1507,467,418,221,196,1,1,1843,91,0
user533,4443,468,78,118,1,1,321,79,0
user1941,1480,1460,46,133,0,0,1701,20,0
user603,2996,1950,82,36,1,0,2360,18,0
user1329,209,1303,67,1,0,0,2920,97,1
user1074,2265,955,274,161,1,0,2274,63,0
user1304,4047,1461,200,15,1,0,233,90,0
user60,4461,1237,48,161,1,1,1499,16,0
user1263,683,831,230,135,1,0,2395,6,0
user92,3212,1694,243,78,1,0,1394,38,0
user666,639,1584,262,75,1,0,1908,43,0
user280,973,974,110,126,0,0,2083,32,0
user1113,1235,646,163,164,1,0,2085,62,0
user359,719,1282,283,72,1,1,2158,12,0
user1128,207,1875,27,111,1,0,2180,99,0
user1169,2818,1312,281,36,1,0,2495,62,0
user847,4908,390,128,134,1,0,2109,56,0
user1521,73,781,5,59,0,0,1532,26,0
user110,1092,1115,274,179,1,0,2445,39,0
user42,3141,54,252,167,1,0,300,61,0
user125,2950,355,238,150,1,0,543,92,0
user204,784,1714,119,77,1,1,2098,25,0
user52,1921,471,112,18,1,0,2529,49,0
user545,1623,1711,255,169,0,0,356,81,0
user68,1765,1691,54,30,1,0,1530,56,0
user1740,84,1988,275,7,1,0,2140,13,1
user1547,3167,409,97,3,1,1,2035,27,0
user183,4945,1671,28,9,1,0,2498,53,0
user137,3245,1333,292,119,1,1,891,21,0
user899,3698,1516,287,180,1,0,2242,23,0
user796,2829,845,75,34,1,0,122,49,0
user132,3475,380,165,63,1,1,2774,13,0
user80,1666,508,119,98,1,0,1793,85,0
user1986,2535,1838,128,194,1,0,1984,23,0
user1540,3529,683,54,124,1,0,34,96,0
user541,677,1716,281,53,1,1,2581,90,0
user1668,133,989,32,65,0,1,2069,49,0
user983,4977,20,169,76,1,0,2472,50,0
user165,3172,1136,288,22,1,0,2225,17,0
user248,3895,1369,26,123,1,1,2921,96,0
user446,675,641,50,49,1,1,1051,43,0
user1514,33,1862,167,100,1,0,1524,75,0
user858,2798,1602,258,27,1,0,904,78,0
user1211,1821,413,62,87,1,0,2919,85,0
user97,4391,712,176,101,1,1,661,12,0
user1973,4363,39,141,90,1,0,792,82,0
user737,4821,1547,30,135,1,0,607,66,0
user1255,461,1235,178,37,1,0,2795,91,0
user102,3818,1372,144,22,1,1,1781,95,0
user434,2659,218,73,81,1,1,2850,46,0
user74,820,1718,186,153,1,0,1551,100,0
user1791,4025,1827,229,102,1,0,1141,77,0
user1234,1874,684,76,46,1,0,2643,7,0
user918,4891,417,53,68,1,0,2559,62,0
user1711,2059,1516,98,39,1,1,2554,23,0
user1670,176,425,203,42,1,1,908,54,0
user1620,299,168,140,23,1,0,333,32,0
user762,3465,1716,131,104,1,0,1000,56,0
user989,521,363,201,127,1,0,623,44,0
user388,1545,306,66,28,1,0,1314,60,0
user235,3715,23,194,91,0,1,1810,0,0
user1506,1163,42,297,54,1,0,2913,17,0
user267,2469,551,101,105,1,0,1552,50,0
user1187,2245,833,198,175,1,0,2105,77,0
user117,2627,577,15,21,1,0,238,68,0
user1606,1729,1401,280,38,1,0,2102,47,0
user673,2642,351,251,93,1,0,1215,0,0
user249,4665,326,87,80,1,0,310,3,0
user1452,4088,119,53,40,0,1,187,39,0
user1994,2080,1148,6,97,1,1,1730,23,0
user94,2629,1396,22,92,1,1,2470,88,0
user33,156,31,98,53,1,0,2292,34,0
user1463,3409,1445,184,178,1,0,2020,1,0
user1667,237,983,152,149,1,0,1955,71,0
user448,2568,1783,4,22,0,0,784,29,1
user716,2709,1949,38,32,1,0,2559,24,0
user1809,90,1444,144,46,1,1,806,78,0
user1517,1656,416,57,128,1,1,690,20,0
user0,2392,1416,44,23,1,1,2300,89,0
user1375,939,1661,66,44,0,1,1054,91,0
user1101,102,1448,146,111,0,0,2054,78,0
user1108,2982,232,86,80,1,0,2783,35,0
user1226,2853,1048,95,37,1,1,502,0,0
user82,3738,224,31,29,1,0,2669,22,0
user1288,1406,37,256,137,1,0,593,89,0
user676,2332,224,13,47,1,1,1630,72,0
user1920,296,768,12,56,1,0,1885,23,0
user1046,2144,36,231,183,0,0,278,19,0
user770,4815,1242,207,59,1,1,1451,47,0
user1946,2485,1885,255,89,1,0,1105,36,0
user1280,1202,152,63,106,1,0,2314,48,0
user1580,454,1551,116,137,1,0,2174,63,0
user1488,1100,1166,251,54,0,0,1671,65,0
user404,362,1733,247,130,1,0,1573,79,0
user1727,800,1900,159,7,1,0,2846,4,1
user1298,2451,1970,57,111,1,0,209,84,0
user1340,1503,316,18,185,1,0,1379,91,0
user104,2417,1501,36,156,1,0,853,64,0
user688,4622,887,108,94,1,0,1335,64,0
user1305,1927,1628,250,165,1,0,2490,79,0
user826,2689,1886,109,193,1,0,1373,7,0
user62,2176,387,240,194,1,0,658,95,0
user852,2802,884,184,34,1,0,1976,88,0
user1353,757,1567,53,67,1,0,2340,8,0
user223,882,481,281,113,1,1,222,39,0
user145,957,1614,106,118,1,0,1677,47,0
user1088,4702,1592,81,116,1,0,1086,84,0
user373,996,931,34,105,1,1,1105,60,0
user1420,2228,1924,98,104,1,1,334,29,0
user1142,1914,58,240,180,1,0,1682,52,0
user1826,2021,718,24,130,0,0,365,38,0
user1494,2110,475,236,186,1,1,1705,70,0
user1601,875,814,278,133,1,1,896,85,0
user1270,3602,691,242,52,1,0,390,55,0
user9,1265,1226,295,54,1,0,2381,61,0
user449,4616,76,88,181,0,0,1943,52,0
user708,2423,393,139,20,1,0,1910,67,0
user255,3002,404,223,66,1,0,2700,55,0
user882,2329,525,205,88,1,0,2407,28,0
user389,1532,66,80,136,1,0,1943,79,0
user908,454,770,73,113,1,0,2791,1,0
user924,2955,992,233,91,1,0,98,21,0
user1703,4480,1509,202,186,1,0,1564,19,0
user1232,1178,801,43,183,1,0,900,12,0
user460,4549,1946,120,169,1,0,1530,56,0
user1269,318,1149,26,87,1,1,100,73,0
user1759,416,512,53,62,1,0,1984,10,0
user1168,1371,1181,226,149,1,0,2310,26,0
user958,2029,1510,235,82,1,1,2087,90,0
user501,4709,828,210,121,1,0,728,41,0
user739,2494,1913,273,144,1,0,1287,29,0
user1849,1348,576,176,44,1,1,1012,13,0
user868,1986,1431,139,181,1,1,1281,52,0
user731,3534,458,147,186,1,0,2436,75,0
user539,1354,486,146,172,1,0,2694,92,0
user1201,17,1058,239,104,1,1,1850,35,0
user697,2052,229,67,65,1,0,914,25,0
user1392,156,1255,235,106,1,0,670,69,0
user1376,348,1618,54,17,0,0,696,78,0
user1145,1442,353,198,57,1,0,2939,91,0
user1031,2321,1796,49,151,1,1,807,62,0
user372,447,681,16,68,1,0,1183,14,0
user667,1479,701,166,133,1,1,1464,5,0
user1525,3163,1112,70,189,1,0,2777,79,0
user357,4895,191,299,8,1,0,1125,65,0
user967,2070,978,272,12,1,0,598,79,0
user783,4335,1897,138,139,1,1,2486,66,0
user735,95,1577,10,110,1,0,550,30,0
user1035,3386,1501,47,139,1,1,595,100,0
user970,1155,1745,28,73,0,0,427,17,1
user1524,3613,634,61,21,0,0,1830,43,0
user1486,13,1174,1,94,1,1,2007,71,0
user1523,4108,649,260,151,1,1,2675,21,0
user1490,1357,158,9,115,1,1,1728,16,0
user1642,3220,845,109,47,1,1,682,45,0
user1252,3380,1957,17,191,1,0,2829,2,0
user1693,4207,1979,77,87,1,1,536,53,0
user1749,2179,1630,262,133,1,0,494,55,0
user1236,4566,369,176,15,1,0,2587,91,0
user885,1742,430,244,65,1,0,2807,87,0
user79,3315,27,120,75,1,1,1958,63,0
user1172,3865,748,66,59,1,0,328,63,0
user814,131,1622,123,110,1,0,1624,100,0
user1285,4804,1918,252,75,1,0,2871,84,0
user671,2914,1253,149,95,1,0,1428,95,0
user1531,2931,79,156,29,1,0,1037,20,0
user57,1563,517,76,155,1,1,2970,76,0
user133,573,730,246,20,1,0,2098,38,0
user1140,3477,66,131,18,1,1,1257,2,0
user933,4622,1042,141,0,1,1,472,32,0
user1684,2377,667,77,122,0,0,2659,43,0
user823,363,141,238,181,0,0,1440,5,0
user1214,2529,914,180,164,1,0,1449,30,0
user504,4701,736,163,27,1,0,16,87,0
user1774,4807,430,107,53,1,0,1562,47,0
user347,2053,1489,193,109,0,1,1488,29,0
user386,3484,667,70,41,1,0,2244,27,0
user1024,3735,46,96,180,1,1,843,70,0
user894,2567,1364,97,83,0,0,2208,67,0
user828,90,340,30,159,1,0,2803,48,0
user1892,790,1355,97,68,1,0,2283,28,0
user475,425,826,57,82,1,0,1197,84,0
user1470,2036,1031,95,64,1,0,1635,19,0
user1447,1526,986,44,35,1,0,1159,1,0
user1581,1178,1180,33,166,1,0,691,63,0
user652,301,620,122,156,0,0,994,24,0
user172,3224,1795,265,83,1,0,82,59,0
user1149,2128,276,295,12,1,1,353,74,0
user38,2480,1547,74,125,1,0,1764,4,0
user713,4816,1211,23,87,1,1,341,50,0
user90,59,1952,276,173,1,0,1971,65,0
user1936,2428,1693,99,125,0,1,170,43,0
user1205,2361,1586,130,165,1,0,505,35,0
user875,1931,1807,19,185,1,0,1380,20,0
user1351,442,1663,113,157,1,0,1713,55,0
user1889,3412,1726,47,190,1,0,2021,4,0
user1093,3280,134,190,186,1,1,1286,85,0
user1155,2033,1838,175,156,1,0,643,93,0
user1781,4689,400,77,159,1,0,1816,39,0
user1958,4113,16,299,72,1,1,1114,6,0
user499,364,290,262,119,1,0,2093,49,0
user338,3916,1821,178,64,1,0,1103,48,0
user1188,1822,821,231,23,1,0,132,81,0
user28,836,809,127,87,1,1,178,62,0
user1217,2817,1579,8,0,1,0,1768,32,0
user1399,4992,1753,273,43,1,0,2676,14,0
user1820,2316,225,192,136,1,0,182,58,0
user945,3486,1146,98,177,1,0,805,26,0
user169,964,749,269,15,1,0,1636,94,0
user1404,2211,1973,67,29,0,0,1695,30,0
user1197,2724,286,256,121,1,0,196,18,0
user1253,2473,722,206,58,0,0,2356,5,1
user1613,2178,241,157,93,1,0,2994,11,0
user912,2832,1082,142,130,1,0,696,7,0
user491,4560,683,54,22,1,1,501,66,0
user953,3000,492,173,65,1,0,657,62,0
user1097,3229,706,101,137,1,0,2797,65,0
user1032,3592,1715,263,142,1,0,1384,78,0
user587,2766,1332,52,61,1,0,1190,38,0
user750,4744,1873,98,177,1,1,116,65,0
user657,1607,1208,261,140,1,1,2854,24,0
user234,2274,565,286,75,1,0,287,15,0
user732,1462,1390,114,164,1,1,996,44,0
user1988,3288,1095,175,139,1,0,1826,34,0
user1632,3413,738,23,55,1,1,847,56,0
user1156,2393,1984,26,44,1,1,1075,74,0
user1469,4614,472,268,122,1,0,2458,84,0
user1424,4838,1502,206,44,1,0,2184,6,0
user1627,3353,1666,162,99,1,0,289,81,0
user934,2937,189,281,181,1,1,1344,54,0
user1209,4498,1722,282,88,1,0,2773,72,0
user1065,4125,1691,270,56,1,0,672,91,0
user108,1258,1307,238,101,1,0,202,26,0
user1542,135,706,206,190,1,0,2897,37,0
user568,3461,364,51,8,1,0,1772,40,0
user1167,4818,313,49,112,1,0,2677,30,0
user1174,1794,101,258,189,1,1,2106,38,0
user890,1750,1817,18,149,1,0,560,9,0
user947,3243,87,30,53,1,0,77,73,0
user1048,4100,438,227,27,1,0,2853,72,0
user1352,851,1678,8,55,1,0,868,29,0
user1777,120,1532,181,161,0,1,2471,18,0
user1446,605,764,172,24,1,1,299,96,0
user884,2160,1256,5,90,1,0,1782,40,0
user1672,2364,1045,232,5,1,0,2738,24,0
user850,2569,1688,44,155,1,0,1709,81,0
user734,2227,554,214,25,1,1,384,36,0
user717,3842,1117,264,69,1,1,1082,14,0
user454,4831,1257,251,36,1,0,1337,91,0
user264,3340,1783,62,61,1,0,2843,77,0
user75,412,911,43,168,1,0,2443,72,0
user1657,1164,724,1,195,1,1,2535,36,0
user444,4991,715,31,106,1,0,1818,38,0
user395,1753,512,97,17,1,0,1531,6,0
user176,4301,699,92,79,1,0,1563,63,0
user1042,2773,1484,126,189,1,0,2894,48,0
user1735,1741,351,125,167,1,0,1019,67,0
user1401,4505,1381,293,61,1,0,328,16,0
user1380,4546,781,25,161,1,1,2433,27,0
user595,4688,10,231,182,1,0,422,87,0
user61,1845,399,277,192,1,1,774,5,0
user1296,619,1867,142,104,1,0,1017,84,0
user872,4480,1218,162,126,1,0,1349,68,0
user1489,2846,521,297,96,0,0,1382,72,0
user1878,3931,1891,162,10,1,1,1580,65,0
user278,286,1401,257,21,1,1,1344,61,0
user36,2997,53,20,103,1,0,2249,48,0
user1975,2774,1506,106,77,1,0,1326,27,0
user662,3688,156,50,146,1,1,659,83,0
user1953,782,1100,34,185,1,0,2184,78,0
user1444,3879,437,80,149,1,0,1509,99,0
user977,1916,984,213,66,1,0,1711,2,0
user1571,3262,893,74,139,1,0,2089,9,0
user738,4766,1566,102,98,1,0,895,90,0
user191,3044,483,15,17,1,0,1757,53,0
user919,2324,244,7,29,1,0,2361,96,0
user456,2433,1771,233,56,1,0,715,59,0
user675,1366,676,12,164,1,1,324,24,0
user760,3787,585,205,167,1,0,1127,80,0
user1807,1039,470,253,100,1,0,1095,36,0
user1602,248,703,170,78,1,0,1715,0,0
user728,2506,659,37,85,1,0,200,65,0
user412,2295,296,298,0,1,1,967,64,0
user1098,3795,43,291,89,0,0,614,91,0
user825,3971,456,2,57,1,1,1091,76,0
user1639,3501,830,191,53,1,0,911,70,0
user616,1603,1620,62,165,0,0,1272,68,0
user114,3033,1388,284,97,1,0,1001,70,0
user417,298,187,94,55,1,0,1134,58,0
user1910,2393,1830,220,160,1,1,2860,50,0
user969,1287,1750,183,68,0,0,654,35,0
user604,1273,235,226,185,1,0,602,89,0
user1918,498,1479,70,11,1,1,950,14,0
user89,2354,111,44,32,1,0,1530,52,0
user848,1746,1842,5,83,1,0,1887,1,0
user1519,3703,639,155,146,1,0,1740,49,0
user1917,2566,1775,260,85,1,0,8,25,0
user753,3011,151,67,139,1,0,2655,34,0
user498,3816,359,82,55,1,0,401,24,0
user1276,189,101,172,56,1,0,499,84,0
user1325,2662,99,278,53,1,1,1370,76,0
user11,3780,1846,248,53,1,0,2660,14,0
user396,288,653,89,68,1,1,220,78,0
user284,3863,7,235,13,1,0,2978,59,0
user1066,3792,1451,136,44,0,0,268,45,0
user1191,2346,20,255,97,1,0,408,77,0
user1744,533,1179,266,185,1,1,2740,14,0
user690,3325,288,170,44,1,0,648,57,0
user1752,2529,326,43,58,0,0,539,48,0
user1875,2209,1778,111,90,1,0,257,86,0
user689,4366,1828,170,86,1,0,2931,12,0
user851,4783,1881,295,139,1,0,524,55,0
user159,4771,1449,275,115,1,0,2240,74,0
user895,2268,1147,267,81,0,0,2930,62,0
user1575,1999,1546,0,39,1,0,129,29,0
user257,1625,1426,29,114,1,0,150,25,0
user335,4151,1348,262,74,1,0,1944,53,0
user1879,3082,1422,215,78,1,0,1000,89,0
user1039,4611,1836,167,71,1,0,1568,0,0
user515,83,1288,100,43,1,1,457,58,0
user1348,3749,206,203,52,1,1,2890,73,0
user1015,22,1422,282,12,1,1,1657,15,0
user768,4660,603,18,121,1,0,1619,38,0
user1746,1990,199,64,0,1,0,1609,40,0
user761,4046,519,106,71,1,0,830,13,0
user1246,922,1880,142,146,1,0,1416,75,0
user1203,3104,266,41,18,1,0,2687,33,0
user1467,655,733,63,128,1,0,2912,13,0
user1983,105,174,86,147,1,0,2856,50,0
user521,253,1950,37,107,1,0,2644,32,0
user22,4441,1508,127,73,1,0,2334,81,0
user356,614,1342,119,157,1,1,280,3,0
user1277,21,166,177,175,0,0,2405,45,0
user1312,1918,429,61,123,1,1,1925,22,0
user1682,2257,870,18,195,1,0,147,82,0
user340,3490,1442,207,73,1,1,1899,18,0
user431,2467,603,83,26,1,0,83,94,0
user473,3122,1930,161,41,0,0,459,100,0
user217,3376,1549,279,37,1,0,1079,94,0
user911,2838,1996,246,106,1,1,1530,63,0
user1227,1422,1108,82,56,1,0,809,2,0
user1596,1138,1643,260,177,1,1,1865,3,0
user1011,4801,138,296,31,1,0,228,8,0
user1949,4285,1557,220,141,0,1,2394,36,0
user93,797,452,172,79,1,0,1573,71,0
user1008,4408,149,62,78,1,0,776,67,0
user1070,4643,267,247,122,1,0,2322,68,0
user1092,3752,688,16,118,1,1,285,36,0
user1914,1990,1615,212,187,1,1,2071,48,0
user1308,851,1029,289,13,1,0,1883,12,0
user696,2893,1522,221,92,0,1,955,25,0
user1827,3345,1424,15,155,1,0,762,11,0
user996,3049,1187,100,10,1,0,1239,29,0
user153,4136,756,47,173,1,1,379,54,0
user1099,1777,185,259,184,1,0,2828,9,0
user1718,668,182,181,95,1,0,727,78,0
user1997,1960,181,38,20,0,0,2009,53,0
user789,1499,596,88,156,0,0,578,55,0
user580,2022,96,185,8,1,0,2467,1,0
user703,1573,126,78,57,1,0,503,62,0
user1212,3572,484,51,53,0,1,2433,91,0
user1295,772,68,195,163,1,0,2537,11,0
user1665,3365,1717,157,124,1,0,2067,95,0
user1260,2587,345,92,56,1,0,2008,44,0
user487,3780,46,23,169,1,0,2540,10,0
user559,1504,309,188,12,1,1,671,20,0
user1141,2236,886,253,25,1,1,271,9,0
user1119,1364,1592,185,176,1,1,2424,31,0
user801,726,1499,274,71,1,0,2540,15,0
user512,725,830,253,143,1,0,95,42,0
user633,3246,85,246,97,1,1,738,0,0
user1921,2737,879,2,142,1,1,2646,40,0
user1787,1751,573,170,166,1,0,221,39,0
user1545,1072,660,29,14,1,0,1022,88,0
user1150,3375,1230,123,80,1,1,2838,25,0
user790,4720,1726,259,11,1,1,1075,98,0
user116,3928,982,40,106,1,1,2133,14,0
user740,1532,389,230,198,1,0,2229,76,0
user1690,1948,824,99,100,0,1,85,70,0
user1081,4421,874,235,189,1,1,1359,55,0
user830,2406,838,133,169,1,0,2639,45,0
user119,3687,1544,287,36,1,0,1209,46,0
user656,4276,1352,218,47,1,0,2103,17,0
user1907,711,1320,39,139,1,0,1703,68,0
user635,1941,145,71,18,1,0,753,96,0
user369,4215,1413,158,17,1,0,1326,78,0
user268,4045,571,48,1,0,0,1284,28,1
user655,2662,867,71,26,1,1,1070,99,0
user935,246,1982,294,122,1,0,2523,28,0
user822,1064,281,213,119,1,1,2085,27,0
user866,2452,1743,261,63,1,0,1331,55,0
user46,734,581,260,160,1,1,546,56,0
user1373,1986,68,56,169,0,0,1895,85,0
user1708,3793,1347,293,81,1,0,616,34,0
user991,1638,1314,288,23,1,0,244,41,0
user876,3563,1670,20,108,0,0,2692,9,1
user773,545,220,293,67,1,1,161,76,0
user1219,3595,1265,218,54,0,0,1353,91,0
user1999,3631,1205,53,12,1,0,2281,83,0
user4,4793,1696,234,54,1,0,1247,68,0
user1003,2740,1053,3,12,1,0,476,59,0
user1723,4823,1983,255,133,1,0,2004,36,0
user263,4388,1311,291,16,1,0,2456,76,0
user1569,4151,563,22,141,1,1,188,88,0
user1830,195,1291,31,182,0,0,1535,17,1
user443,4420,440,149,136,1,1,2329,90,0
user1002,2195,340,186,82,1,1,1427,99,0
user1077,3588,749,227,113,0,0,885,23,0
user837,4988,151,77,164,1,1,731,70,0
user1790,1111,774,222,138,1,1,1872,15,0
user304,1682,176,266,28,1,1,804,20,0
user1365,4029,1268,268,179,1,0,2772,14,0
user1557,3128,609,89,106,1,0,1336,43,0
user313,265,1529,34,62,1,0,1386,67,0
user149,4109,1108,46,19,1,0,232,8,0
user1148,3379,497,37,45,1,1,2697,87,0
user1213,3980,1877,256,19,0,1,2804,55,0
user574,1260,227,31,55,1,0,309,33,0
user50,810,1397,85,6,1,0,155,15,1
user1552,1785,765,148,47,1,0,2180,17,0
user726,4516,1954,23,98,1,0,809,40,0
user833,2111,1620,273,98,1,1,1753,5,0
user1377,3529,661,125,95,1,0,997,37,0
user1115,3284,1382,25,60,1,0,2139,76,0
user1166,1858,1120,295,128,1,0,1119,95,0
user470,2238,998,108,150,1,0,911,63,0
user971,4404,21,171,171,0,0,1893,98,0
user653,2341,786,4,33,1,0,1308,23,0
user399,971,435,156,11,1,1,927,64,0
user511,2954,430,112,178,0,0,2626,3,0
user320,4083,1350,187,132,1,0,987,7,0
user19,4105,760,201,189,1,0,1325,98,0
user684,2732,1833,152,148,1,1,1194,98,0
user35,4964,1740,294,96,1,0,2649,26,0
user902,3460,639,201,158,1,1,873,74,0
user1778,1410,388,8,46,1,0,2162,57,0
user827,4013,786,30,74,0,0,682,59,0
user1853,1380,1934,239,68,1,0,1609,37,0
user407,278,961,222,86,1,1,1903,23,0
user920,1936,1212,116,138,1,1,2315,81,0
user537,1461,1768,280,18,1,0,899,57,0
user758,3514,406,87,26,1,0,2558,21,0
user1904,3740,742,13,80,1,0,1621,31,0
user1062,4654,711,227,182,1,0,780,23,0
user1199,2265,1575,137,108,1,0,794,17,0
user245,2743,1544,73,29,1,0,2915,96,0
user1416,2609,1734,5,111,1,1,1226,21,0
user1127,3175,1329,191,16,0,0,1555,63,0
user784,2499,1632,191,144,0,0,2761,36,0
user1742,4431,1805,23,187,1,0,588,43,0
user489,3283,1804,238,155,1,0,116,1,0
user154,1266,768,212,84,1,0,1173,27,0
user961,957,1924,250,170,1,0,1767,27,0
user853,2443,1598,210,178,1,0,789,78,0
user1311,4648,1990,23,167,1,0,2196,92,0
user625,3915,706,215,103,1,0,2477,36,0
user685,3730,33,295,63,1,1,1025,26,0
user1561,896,864,284,98,1,0,93,84,0
user569,1707,1997,264,165,1,0,2082,91,0
user1908,3246,1767,66,123,1,0,2875,96,0
user17,543,1705,155,154,1,0,1608,54,0
user127,4027,1312,86,157,1,0,1174,24,0
user1346,4060,1068,222,50,1,0,1708,46,0
user1279,4422,731,107,173,1,0,2280,29,0
user1968,1030,765,237,132,1,1,434,47,0
user927,536,1685,19,126,1,0,2100,43,0
user980,4490,800,239,13,0,0,2379,35,0
user1964,1002,606,231,15,1,1,1216,73,0
user190,2305,447,12,159,1,0,198,17,0
user1139,725,1551,111,94,0,0,1031,48,0
user992,2763,1566,12,95,1,1,2943,79,0
user1955,2342,1826,242,92,0,0,1400,56,0
user1656,4443,523,188,166,1,1,1584,12,0
user606,4438,1346,42,90,1,1,250,34,0
user180,547,1580,115,63,1,1,2313,73,0
user301,539,119,56,128,1,0,2946,91,0
user496,4401,1664,65,42,1,0,980,30,0
user1720,3886,1023,61,88,1,0,299,59,0
user1709,3479,1502,284,197,1,0,1475,31,0
user1887,3078,1713,245,167,1,0,1694,19,0
user1991,2513,544,63,182,1,1,737,2,0
user517,3394,321,22,172,0,1,170,20,0
user1984,4963,1902,7,199,1,0,1434,53,0
user1069,509,1983,147,72,1,0,2487,46,0
user476,210,1043,73,7,1,0,2656,25,0
user157,297,555,290,148,1,0,2061,94,0
user1243,4807,1509,135,193,1,0,2325,75,0
user1195,2784,471,137,36,1,1,533,52,0
user16,991,252,135,24,1,0,2335,67,0
user1535,4597,1361,78,196,1,0,2863,40,0
user1072,1898,1946,186,170,1,0,2582,83,0
user1971,322,1949,95,166,1,0,298,25,0
user546,4185,359,208,116,1,1,2873,7,0
user1539,2758,824,32,125,1,0,2512,78,0
user658,3803,1886,70,2,1,1,2676,34,0
user1625,3646,221,287,18,1,1,689,82,0
user1019,437,516,186,196,1,0,393,13,0
user1662,601,1545,255,197,1,1,1679,88,0
user1504,4905,1441,77,92,1,1,2540,68,0
user959,1369,494,43,3,0,0,1397,57,0
user1881,3670,92,285,99,1,0,2478,17,0
user283,30,1136,29,80,1,0,300,31,0
user797,1547,1951,57,111,1,1,1437,23,0
user1626,179,405,157,178,1,0,1917,77,0
user225,2548,181,161,143,1,0,2634,63,0
user26,1975,1535,6,177,1,0,1167,100,0
user1770,1121,822,252,127,1,1,790,81,0
user437,2568,1556,24,154,1,1,515,69,0
user1948,1899,178,228,15,0,0,211,48,0
user1388,494,608,286,185,1,0,2627,29,0
user229,545,1911,18,35,1,0,2398,81,0
user37,509,1691,95,196,1,0,2072,4,0
user749,4283,672,187,137,1,0,517,20,0
user1045,2664,155,91,83,1,1,2275,35,0
user1398,1048,644,165,72,1,0,1764,96,0
user469,1506,1803,50,137,1,0,717,8,0
user1692,4164,1187,95,43,1,1,1703,83,0
user1967,1249,1935,295,58,1,0,2743,34,0
user687,1241,26,113,162,1,0,1165,91,0
user1843,3267,973,281,145,1,0,2044,54,0
user639,4275,1831,129,164,0,1,2459,24,0
user1712,1139,712,109,158,1,1,1775,14,0
user1218,3718,211,274,45,1,1,827,8,0
user1158,2351,288,218,89,1,0,126,99,0
user1415,1748,573,81,90,1,1,535,18,0
user1527,2224,440,128,10,1,0,417,81,0
user1655,1698,297,113,198,1,1,1396,97,0
user1300,3426,1509,104,42,1,0,2370,66,0
user1822,3195,1244,197,193,0,0,137,14,1
user800,3650,1982,108,1,1,1,680,72,0
user1603,3120,666,271,70,1,0,1315,91,0
user160,605,1454,203,156,1,0,415,7,0
user956,1126,45,233,96,1,1,178,20,0
user1186,2078,1262,86,90,1,0,1703,10,0
user821,1460,627,115,130,1,1,2523,52,0
user1681,4230,1502,185,3,1,0,1095,23,0
user877,4797,765,179,136,1,1,641,11,0
user913,4838,1539,133,105,1,0,1400,31,0
user152,4101,219,289,4,1,0,1577,92,0
user1870,3537,754,115,5,1,1,2138,18,0
user1776,257,491,128,128,1,0,2344,25,0
user509,2619,1727,99,73,1,0,1156,25,0
user1135,4377,52,233,50,1,1,1677,48,0
user1250,233,1873,62,1,1,0,2318,24,0
user1683,1201,13,280,142,1,0,1816,53,0
user103,2764,546,179,183,1,0,1913,71,0
user1445,2204,1585,219,18,1,0,2972,56,0
user1443,4711,1578,207,196,0,0,652,90,0
user586,3097,941,250,42,1,1,1015,5,0
user1768,922,31,105,36,1,1,172,64,0
user1143,424,1689,149,2,1,1,1281,55,0
user53,3881,1557,254,96,1,0,943,49,0
user151,1508,139,289,12,1,0,163,86,0
user403,1951,993,22,80,1,0,2767,37,0
user1942,4838,533,112,15,1,1,2014,91,0
user207,4761,1121,185,129,1,1,2499,13,0
user1894,413,1286,146,52,1,0,2679,83,0
user1122,1595,1818,90,140,1,1,1954,34,0
user1890,4513,1289,58,111,1,0,359,1,0
user8,513,568,192,138,0,0,2368,52,0
user1014,3966,1151,195,160,0,0,1146,24,0
user1906,4352,1590,185,60,1,1,506,22,0
user1060,803,1617,196,24,1,0,2801,26,0
user452,3836,972,232,101,1,0,1122,87,0
user253,1916,1556,111,26,1,0,1305,100,0
user1327,306,1101,75,9,1,1,1220,80,0
user896,4094,664,218,151,1,1,1630,51,0
user1733,1686,312,147,49,1,0,1783,49,0
user880,2412,1142,104,39,1,1,1148,18,0
user1595,1367,384,31,88,1,0,712,48,0
user1888,2879,609,225,92,1,0,1251,91,0
user623,303,1978,100,30,1,1,1757,98,0
user345,2032,1591,186,126,1,0,1800,88,0
user1702,485,1371,188,151,1,0,2906,67,0
user262,956,1022,142,80,1,0,2240,97,0
user1634,1266,268,187,41,1,0,2721,77,0
user1321,3770,764,266,16,0,0,557,69,0
user1438,633,1025,239,189,1,0,1996,49,0
user150,2888,1543,12,129,1,1,1348,37,0
user472,1426,99,35,159,1,1,1512,93,0
user640,2120,962,296,98,1,1,2678,0,0
user1982,3202,1021,199,119,1,0,43,19,0
user1882,166,1577,150,21,1,1,1015,11,0
user550,968,315,224,74,1,0,995,38,0
user1779,4629,1784,223,173,1,1,979,51,0
user928,3982,779,130,92,1,1,2899,35,0
user488,4292,550,239,74,1,0,245,54,0
user1811,4864,633,253,91,1,0,1602,19,0
user1171,2007,612,17,146,1,0,2526,60,0
user146,4911,1296,54,16,1,0,636,53,0
user1704,983,837,127,145,1,0,2994,83,0
user1928,2784,253,193,199,1,0,2523,34,0
user402,1012,1311,155,176,1,0,1750,1,0
user954,4520,1374,64,135,1,1,60,94,0
user1877,4650,1703,129,45,1,0,1806,91,0
user659,189,1604,5,15,1,0,2537,31,0
user1372,4343,1479,160,9,1,0,2010,10,1
user463,3610,943,9,47,1,1,2186,55,0
user1349,1538,534,169,55,1,0,1012,44,0
user186,1899,1651,207,115,0,0,2057,30,0
user1147,3640,1550,129,58,1,1,1417,9,0
user1224,1317,243,84,45,1,1,2562,95,0
user608,4923,956,132,183,1,0,12,73,0
user143,4609,26,196,64,1,0,2262,97,0
user751,3027,1735,104,112,1,0,1468,98,0
user1534,2841,377,91,109,1,0,113,92,0
user981,972,329,101,159,1,0,1870,8,0
user197,772,1989,191,3,1,0,694,87,0
user1633,3534,1249,106,72,1,1,1177,52,0
user883,4934,1912,216,88,1,0,1244,26,0
user279,4212,793,104,61,1,0,2077,98,0
user293,1748,1012,25,187,1,0,203,72,0
user1823,4475,1713,120,77,1,1,233,88,0
user400,3276,1855,93,69,1,0,2084,10,0
user122,3372,1001,53,117,1,0,141,69,0
user1207,4612,1080,275,29,1,0,2514,14,0
user202,4746,1801,198,163,1,0,1798,37,0
user1462,1261,1074,200,65,0,0,251,39,0
user835,1369,924,106,97,1,0,2644,11,0
user246,2790,1085,71,121,0,0,437,43,0
user1439,249,486,112,135,1,0,1661,6,0
user1753,4625,1798,85,113,1,1,2336,91,0
user1901,4566,927,88,17,0,0,2122,39,0
user1707,2415,1066,159,181,1,1,126,50,0
user1880,3438,1111,141,100,1,0,141,61,0
user1153,4658,799,2,41,1,0,1791,21,0
user1661,3926,179,2,46,1,1,764,79,0
user1426,4691,725,246,35,1,0,2377,83,0
user384,2577,1465,132,112,1,0,981,16,0
user1758,3767,1696,20,131,1,1,1488,33,0
user854,1389,539,162,193,1,1,2920,18,0
user1589,3461,1912,287,75,1,0,2441,48,0
user219,492,757,139,132,1,1,886,10,0
user641,1482,1818,291,26,1,0,1291,10,0
user1,1502,1869,209,81,1,0,2808,41,0
user112,1026,507,181,166,0,1,1064,95,0
user698,1611,1774,267,75,1,0,1791,81,0
user1915,3826,693,56,21,1,0,2527,92,0
user951,4713,1219,27,13,1,0,1553,70,0
user1648,2790,836,278,155,1,1,2788,57,0
user1636,3601,166,287,19,1,0,1509,91,0
user1885,990,492,284,64,1,1,1044,84,0
user1410,1874,1053,237,170,1,0,1862,27,0
user1409,49,874,12,50,1,0,2632,26,0
user1533,4297,1790,261,110,1,1,1204,14,0
user1291,4022,1986,192,127,1,0,122,27,0
user1808,244,224,228,149,1,0,686,57,0
user441,3720,1047,267,154,1,0,1330,95,0
user1520,2737,1493,170,31,1,1,1361,68,0
user1136,3193,813,138,19,0,0,625,69,0
user1715,3222,546,83,179,1,0,1183,14,0
user1256,4645,290,277,38,1,0,2456,13,0
user1863,4920,706,219,143,1,0,2232,25,0
user1631,2207,1650,225,192,0,1,1834,93,0
user1695,2627,1391,273,108,1,1,2085,78,0
user1397,3509,237,271,137,1,0,937,76,0
user663,4671,1954,189,85,1,1,734,37,0
user1835,1299,1037,292,161,1,0,219,40,0
user1257,4969,275,291,57,1,0,2157,84,0
user1773,4371,1044,181,76,1,0,1629,67,0
user1700,3394,1164,194,168,1,1,2486,96,0
user317,2358,350,26,160,1,0,2169,46,0
user648,4699,1112,38,74,1,0,1387,89,0
user1434,449,979,173,107,1,0,2641,73,0
user1479,2768,1333,50,168,1,0,1647,55,0
user709,3871,60,196,37,1,1,2812,96,0
user1382,2587,1528,28,91,1,0,1787,78,0
user1282,4069,1365,229,154,1,0,836,55,0
user972,4982,1020,23,135,1,0,701,71,0
user627,103,397,223,60,1,1,436,93,0
user632,544,787,93,24,1,0,551,25,0
user1306,4967,1117,87,176,1,0,998,45,0
user1400,1795,103,134,136,1,0,1417,98,0
user1408,372,1457,273,79,1,0,2824,93,0
user1248,3321,359,187,66,0,0,1358,85,0
user1952,2388,1772,272,117,1,0,1230,79,0
user1254,20,615,97,90,1,1,871,43,0
user1496,4320,1035,246,171,1,0,2820,99,0
user1371,4488,1673,152,117,0,0,1158,12,1
user1529,4631,786,133,20,1,1,156,98,0
user1663,100,1463,27,33,1,0,890,38,0
user1354,4180,714,21,33,1,1,1226,75,0
user1925,3982,1667,286,112,0,0,426,66,0
user1900,2508,897,33,61,1,1,2416,17,0
user1643,1965,1775,184,97,1,0,601,100,0
user1848,1582,1700,250,141,1,1,497,11,0
user795,1351,1672,251,38,1,0,387,73,0
user645,743,1662,40,88,1,1,2411,58,0
user1012,2895,1071,49,64,1,1,2102,57,0
user1839,1286,1723,21,15,1,0,1058,20,0
user556,281,451,109,149,0,0,577,12,0
user681,3765,800,194,79,1,1,1342,76,0
user577,4313,333,146,93,1,1,726,33,0
user1109,50,822,43,15,0,0,2728,28,0
user1266,4083,650,31,123,1,1,1182,83,0
user1722,1875,1195,154,11,1,0,1403,7,0
user1183,4232,231,83,78,1,0,472,11,0
user524,4596,922,29,144,1,0,1729,33,0
user1059,33,498,88,75,1,0,605,67,0
user540,1979,102,193,136,1,0,265,6,0
user1194,4156,865,96,52,1,0,1748,12,0
user1678,4306,43,298,11,1,0,2701,60,0
user748,150,1698,132,43,1,0,547,89,0
user1851,1177,1,234,91,1,0,360,17,0
user1430,1388,1020,244,1,1,0,1676,87,0
user484,3181,575,136,1,1,1,1347,82,0
user1757,3320,1528,278,2,1,0,1525,60,0
user95,2818,1100,101,153,1,1,460,49,0
user1020,4852,1642,28,7,1,0,2870,5,1
user563,1861,1465,255,80,1,0,1001,51,0
user1264,4310,454,138,167,1,1,378,8,0
user742,554,165,159,78,0,1,2787,84,0
user863,1565,1727,132,66,1,1,178,80,0
user1598,4751,1105,193,177,1,0,2834,62,0
user1714,252,1231,79,7,1,0,1126,9,1
user1484,4103,1144,125,74,0,0,1611,37,0
user891,3854,650,119,53,1,0,1792,22,0
user1577,1909,178,296,41,1,0,1925,16,0
user1038,4978,1967,260,50,1,0,1915,39,0
user206,2756,99,75,138,1,1,1186,23,0
user392,1540,74,70,163,1,0,1695,73,0
user794,1513,610,196,85,1,1,1731,30,0
user870,2254,1424,57,167,1,0,584,41,0
user397,337,1722,90,94,1,0,2891,15,0
user766,3684,1733,282,173,1,0,552,13,0
user1841,4892,1604,199,125,1,1,206,73,0
user1241,511,1178,40,72,1,0,1028,81,0
user1028,4274,140,68,131,1,0,2812,36,0
user1792,3826,1297,232,65,0,0,2149,39,0
user642,466,1585,259,18,1,1,124,46,0
user1891,2707,1816,95,114,1,0,1939,79,0
user612,3904,958,229,29,1,0,511,50,0
user1762,2615,472,93,58,1,1,1275,91,0
user960,787,1480,58,16,1,0,1482,4,0
user1570,2692,1118,286,39,1,0,2364,64,0
user725,2970,345,262,116,1,0,2379,42,0
user683,4490,1421,19,189,1,0,2331,54,0
user98,1889,574,94,19,1,0,2151,73,0
user804,1063,371,159,145,1,0,1603,9,0
user1751,749,516,16,187,1,1,2795,75,0
user1597,4205,558,94,74,1,0,1129,63,0
user406,3260,292,133,134,1,0,157,88,0
user502,4662,934,13,52,1,0,980,38,0
user1071,1130,1814,142,198,1,0,2376,15,0
user1056,2994,785,83,127,1,0,690,4,0
user929,2346,1700,74,47,1,0,499,9,0
user779,9,44,210,129,1,1,2470,62,0
user200,1912,1975,231,141,1,0,1107,73,0
user134,2109,1770,180,88,1,0,966,26,0
user1051,2805,634,58,107,1,0,1239,6,0
user40,2096,1019,256,71,1,0,962,18,0
user1017,3462,974,219,185,1,0,1069,15,0
user230,965,765,131,39,1,0,2403,13,0
user1513,1643,1803,192,55,0,1,583,2,0
user1796,3744,1639,24,12,1,0,2498,0,0
user378,1344,1609,138,171,1,1,1799,70,0
user288,1974,708,242,147,1,1,2026,8,0
user418,676,886,93,171,1,1,2991,90,0
user1698,3996,65,156,53,1,1,1627,17,0
user391,3850,705,250,24,0,0,162,30,0
user592,690,250,291,43,1,0,1019,76,0
user1522,4455,84,162,34,1,0,2986,44,0
user1162,3170,97,226,54,1,0,1230,80,0
user1086,906,816,203,34,1,0,1692,39,0
user1495,835,1687,243,176,1,0,2536,23,0
user647,4399,593,294,38,1,0,131,6,0
user1152,93,450,69,33,1,0,2977,97,0
user1367,3015,280,299,15,1,0,497,39,0
user520,1926,1733,88,133,1,0,1895,17,0
user1862,906,1109,49,14,1,0,2260,63,0
user64,4995,1029,218,50,1,0,355,98,0
user1836,3460,1880,0,45,1,0,1922,33,0
user14,1957,716,132,46,1,0,784,11,0
user1180,925,1259,131,54,1,0,1180,97,0
user1064,4254,843,109,10,1,1,454,80,0
user492,463,512,117,148,1,0,1673,38,0
user379,640,521,160,11,1,0,1072,76,0
user187,972,667,143,159,0,0,1108,68,0
user763,2540,548,179,166,1,1,2822,82,0
user216,4949,1681,57,123,1,0,960,51,0
user791,3668,1368,250,80,1,1,1415,71,0
user1076,4865,459,218,13,0,0,2006,84,0
user878,1672,906,128,60,1,1,1457,66,0
user337,1027,757,59,198,1,0,2422,38,0
user1772,3195,1103,255,15,1,0,921,25,0
user719,4450,1318,268,81,1,1,362,25,0
user1748,2884,1491,152,188,1,0,2036,40,0
user295,3296,676,145,23,1,1,2427,49,0
user1725,2148,116,166,180,1,0,515,86,0
user1016,2883,1154,257,108,1,0,911,3,0
user1275,817,1306,177,4,1,1,1498,87,0
user1750,2121,681,279,33,1,0,587,44,0
user1485,3024,500,131,92,1,0,1002,17,0
user455,2063,420,125,131,1,1,2672,25,0
user1996,4850,284,200,109,1,1,1052,51,0
user815,1593,1579,217,21,1,0,700,15,0
user1886,2879,1926,201,106,1,0,968,24,0
user269,2213,637,146,160,1,0,2589,20,0
user995,4105,501,287,183,1,1,320,86,0
user201,4013,1202,156,66,1,0,612,62,0
user161,1353,14,152,139,1,0,1347,83,0
user1579,1092,1558,130,169,1,0,1564,6,0
user729,3645,1567,148,78,1,0,103,60,0
user401,919,377,167,66,0,0,1468,39,0
user702,4258,70,56,149,1,1,1009,55,0
user1500,3831,377,172,70,1,0,2413,0,0
user1845,1766,1413,158,5,1,0,2605,46,0
user1795,2504,804,192,1,1,0,1454,53,0
user1129,1554,1397,180,97,1,0,461,83,0
user565,676,1214,276,20,1,0,2244,28,0
user1413,3674,265,142,175,1,0,1056,61,0
user1021,417,905,170,199,1,0,158,19,0
user1025,3341,1121,50,160,1,0,1744,68,0
user1411,3073,1310,48,43,1,0,994,3,0
user1895,347,127,78,103,1,0,1044,72,0
user1585,2297,1127,151,152,1,0,2841,46,0
user1104,4191,764,46,54,1,1,2344,66,0
user205,2517,1131,162,55,1,0,1790,31,0
user34,4969,439,283,5,1,0,2392,37,0
user775,135,1623,61,84,1,1,669,71,0
user508,1114,492,215,97,1,0,892,0,0
user1451,4479,1755,169,133,1,0,2898,25,0
user1478,1820,1393,286,42,0,1,1601,84,0
user1970,678,250,43,190,1,1,730,21,0
user1390,2908,1824,112,94,1,0,2856,74,0
user91,2138,401,214,75,1,0,14,30,0
user1363,3261,811,64,191,1,0,1987,22,0
user897,46,1564,108,141,1,0,2919,49,0
user564,1539,38,211,21,0,1,396,100,0
user1369,2794,1851,186,164,1,0,697,17,0
user776,4812,1617,127,153,1,0,1550,38,0
user241,4372,1665,293,2,1,0,2555,76,0
user13,1522,763,267,5,1,0,2671,57,0
user315,4023,610,42,81,1,0,2345,48,0
user600,4866,612,117,20,1,0,831,64,0
user387,400,15,101,10,1,0,1755,88,0
user1297,1028,1848,294,2,1,0,792,2,1
user166,1759,1126,151,84,1,0,767,51,0
user840,510,665,173,179,1,0,2657,40,0
user20,3752,375,258,101,1,1,314,67,0
user646,3815,492,283,81,1,1,1509,100,0
user1842,3125,1393,4,62,1,1,579,69,0
user1508,4843,461,84,92,1,0,2458,76,0
user1154,4413,166,165,24,1,1,2897,33,0
user1528,2285,1256,84,48,1,1,2668,34,0
user831,793,482,199,148,1,1,1854,74,0
user1267,1207,1418,156,65,1,0,2251,17,0
user1590,2183,963,270,56,1,0,1271,1,0
user1899,3105,459,68,153,1,0,126,85,0
user562,4050,674,108,165,1,0,1943,46,0
user1951,4402,1626,242,116,1,0,1128,40,0
user686,2460,1732,6,178,1,1,1247,90,0
user957,2983,860,98,164,1,0,1749,53,0
user189,1532,803,239,133,1,0,1348,29,0
user1806,4205,713,110,75,1,0,1253,62,0
user975,3084,1497,27,125,1,0,1948,80,0
user699,4522,1517,37,20,1,0,503,90,0
user1499,3231,131,212,111,1,0,2135,63,0
user1705,2883,1190,74,38,1,0,2923,44,0
user510,4814,1446,159,109,1,1,1190,21,0
user1082,474,903,27,142,1,1,1528,59,0
user474,28,167,134,95,1,0,2015,28,0
user1584,1898,650,88,184,1,0,321,65,0
user856,2281,990,223,54,1,0,2452,0,0
user747,520,1273,94,112,0,0,2028,89,0
user252,3708,154,43,13,1,1,77,47,0
user21,4811,1714,57,90,1,1,905,55,0
user1337,1326,968,276,88,1,0,2954,21,0
user459,406,1681,211,106,1,1,2271,99,0
user1184,3774,1232,44,182,1,1,228,27,0
user276,1378,1171,211,131,1,0,229,22,0
user955,2855,999,155,60,0,1,2810,23,0
user1215,731,1964,175,42,1,0,1406,81,0
user385,408,1405,109,168,1,0,1057,18,0
user805,965,985,218,14,1,0,2211,52,0
user1437,164,318,93,53,1,0,1247,4,0
user1515,1373,1012,58,35,1,1,2940,81,0
user343,1047,413,264,165,1,0,32,79,0
user769,1584,1301,133,35,0,0,1403,18,1
user1332,2247,937,169,154,1,1,899,88,0
user1685,2518,1850,294,74,1,0,1371,45,0
user130,394,1770,207,105,1,0,2005,25,0
user1687,4778,1610,224,53,1,0,851,78,0
user871,3590,891,288,42,0,0,247,34,0
user1123,4122,1649,208,187,1,1,2218,32,0
user1396,4384,1412,159,130,1,1,1180,68,0
user87,2615,329,208,159,0,0,2035,81,0
user1482,3498,1414,201,181,1,1,2465,72,0
user330,2472,983,40,108,0,0,136,17,1
user1238,883,1134,218,32,1,1,1595,81,0
user466,3160,1647,119,122,1,1,209,91,0
user121,494,1381,249,130,1,0,1958,57,0
user1638,4404,1831,76,166,1,1,720,53,0
user1044,4287,1111,9,176,1,1,1339,3,0
user1724,3618,1276,196,110,1,1,428,2,0
user1095,504,1132,153,174,1,0,595,46,0
user1130,2922,1715,171,199,1,0,1591,38,0
user1294,4963,814,1,31,1,1,2205,39,0
user860,1653,345,298,54,0,1,923,20,0
user1459,4861,87,283,199,0,0,798,99,0
user1126,4191,719,73,132,1,0,148,21,0
